image,mode,np,eq_lbg,ad_lbg,lbg_gain_pct,eq_total,ad_total,total_gain_pct
gray,gray,2,0.1379,0.1379,0.0,0.193,0.194,-0.5
gray,gray,4,0.0706,0.0707,-0.1,0.114,0.114,0.0
gray,gray,6,0.0493,0.0497,-0.8,0.089,0.090,-1.1
gray,gray,8,0.0589,0.0423,28.2,0.100,0.084,16.0
gray,gray,10,0.0476,0.0363,23.7,0.087,0.077,11.5
gray,gray,12,0.0405,0.0325,19.8,0.079,0.072,8.9
gray,gray,14,0.0353,0.0290,17.8,0.073,0.067,8.2
boat_img,gray,2,0.1211,0.1214,-0.2,0.177,0.178,-0.6
boat_img,gray,4,0.0616,0.0617,-0.2,0.104,0.105,-1.0
boat_img,gray,6,0.0437,0.0435,0.5,0.083,0.084,-1.2
boat_img,gray,8,0.0518,0.0372,28.2,0.093,0.079,15.1
boat_img,gray,10,0.0418,0.0319,23.7,0.081,0.072,11.1
boat_img,gray,12,0.0356,0.0286,19.7,0.074,0.068,8.1
boat_img,gray,14,0.0308,0.0255,17.2,0.068,0.064,5.9
cameraman_img,gray,2,0.1234,0.1236,-0.2,0.179,0.180,-0.6
cameraman_img,gray,4,0.0634,0.0631,0.5,0.106,0.107,-0.9
cameraman_img,gray,6,0.0442,0.0443,-0.2,0.084,0.085,-1.2
cameraman_img,gray,8,0.0528,0.0380,28.0,0.094,0.080,14.9
cameraman_img,gray,10,0.0426,0.0328,23.0,0.082,0.073,11.0
cameraman_img,gray,12,0.0364,0.0294,19.2,0.075,0.069,8.0
cameraman_img,gray,14,0.0315,0.0262,16.8,0.069,0.065,5.8
peppers_img,gray,2,0.1462,0.1460,0.1,0.201,0.202,-0.5
peppers_img,gray,4,0.0744,0.0746,-0.3,0.117,0.118,-0.9
peppers_img,gray,6,0.0521,0.0522,-0.2,0.092,0.092,0.0
peppers_img,gray,8,0.0627,0.0449,28.4,0.104,0.087,16.3
peppers_img,gray,10,0.0505,0.0385,23.8,0.090,0.079,12.2
peppers_img,gray,12,0.0431,0.0345,20.0,0.081,0.074,8.6
peppers_img,gray,14,0.0373,0.0309,17.2,0.075,0.069,8.0
lena_color,color,2,0.4015,0.4013,0.0,0.514,0.514,0.0
lena_color,color,4,0.2043,0.2045,-0.1,0.279,0.279,0.0
lena_color,color,6,0.1434,0.1437,-0.2,0.205,0.207,-1.0
lena_color,color,8,0.1713,0.1226,28.4,0.237,0.190,19.8
lena_color,color,10,0.1379,0.1056,23.4,0.200,0.168,16.0
lena_color,color,12,0.1177,0.0943,19.9,0.175,0.152,13.1
lena_color,color,14,0.1017,0.0844,17.0,0.156,0.140,10.3
peppers_color2,color,2,0.4047,0.4048,-0.0,0.518,0.518,0.0
peppers_color2,color,4,0.2055,0.2053,0.1,0.279,0.280,-0.4
peppers_color2,color,6,0.1441,0.1439,0.1,0.207,0.207,0.0
peppers_color2,color,8,0.1730,0.1237,28.5,0.240,0.191,20.4
peppers_color2,color,10,0.1393,0.1063,23.7,0.201,0.169,15.9
peppers_color2,color,12,0.1188,0.0954,19.7,0.176,0.154,12.5
peppers_color2,color,14,0.1027,0.0852,17.0,0.158,0.141,10.8
f16_color,color,2,0.4173,0.4176,-0.1,0.530,0.531,-0.2
f16_color,color,4,0.2115,0.2142,-1.3,0.285,0.288,-1.1
f16_color,color,6,0.1485,0.1488,-0.2,0.211,0.212,-0.5
f16_color,color,8,0.1785,0.1279,28.3,0.245,0.195,20.4
f16_color,color,10,0.1440,0.1100,23.6,0.205,0.172,16.1
f16_color,color,12,0.1227,0.0981,20.0,0.180,0.156,13.3
f16_color,color,14,0.1062,0.0877,17.4,0.161,0.144,10.6
goldhill_color,color,2,0.3934,0.3938,-0.1,0.506,0.507,-0.2
goldhill_color,color,4,0.1999,0.2005,-0.3,0.273,0.275,-0.7
goldhill_color,color,6,0.1407,0.1403,0.3,0.203,0.203,0.0
goldhill_color,color,8,0.1679,0.1202,28.4,0.235,0.187,20.4
goldhill_color,color,10,0.1351,0.1030,23.8,0.196,0.165,15.8
goldhill_color,color,12,0.1152,0.0918,20.3,0.173,0.150,13.3
goldhill_color,color,14,0.0995,0.0823,17.3,0.154,0.138,10.4
