variant,block,K,image,PSNR_dB,SSIM,system_CR,LBG_iters,LBG_time_median_s
2x2/K64,2,64,gray,34.03,0.9103,6.97,204,0.4408
2x2/K64,2,64,boat_img,33.76,0.9280,7.60,285,0.5683
2x2/K64,2,64,cameraman_img,34.56,0.9514,8.56,203,0.4880
2x2/K64,2,64,peppers_img,32.95,0.8692,7.18,108,0.2558
4x4/K64,4,64,gray,29.67,0.8190,23.50,160,0.2659
4x4/K64,4,64,boat_img,29.11,0.8394,26.54,151,0.2341
4x4/K64,4,64,cameraman_img,29.75,0.8855,28.88,155,0.2386
4x4/K64,4,64,peppers_img,29.41,0.7624,24.75,132,0.2824
8x8/K64,8,64,gray,26.60,0.7305,35.97,103,0.1581
8x8/K64,8,64,boat_img,26.09,0.7380,38.50,107,0.1634
8x8/K64,8,64,cameraman_img,26.20,0.7959,40.22,98,0.1452
8x8/K64,8,64,peppers_img,26.40,0.6774,36.83,92,0.1881
4x4/K32,4,32,gray,28.49,0.7856,30.45,119,0.1160
4x4/K32,4,32,boat_img,28.00,0.8036,35.20,117,0.1090
4x4/K32,4,32,cameraman_img,28.34,0.8543,39.94,126,0.1321
4x4/K32,4,32,peppers_img,28.26,0.7320,32.89,81,0.0959
4x4/K128,4,128,gray,30.77,0.8477,17.92,210,0.6260
4x4/K128,4,128,boat_img,30.23,0.8670,19.72,191,0.5210
4x4/K128,4,128,cameraman_img,31.33,0.9107,21.29,203,0.5839
4x4/K128,4,128,peppers_img,30.37,0.7897,18.63,168,0.5411
