image,mode,np,LBG_s,Total_s,iters,SpeedupLBG,SpeedupTotal,Eff%,SpeedupLBG_perIter
gray,gray,seq,0.2679,0.3446,160,1.00,1.00,100,1.00
gray,gray,2,0.1379,0.193,160,1.94,1.79,97,1.94
gray,gray,4,0.0707,0.114,160,3.79,3.02,95,3.79
gray,gray,6,0.0494,0.090,160,5.42,3.83,90,5.42
gray,gray,8,0.0430,0.085,160,6.23,4.05,78,6.23
gray,gray,10,0.0363,0.077,160,7.38,4.48,74,7.38
gray,gray,12,0.0323,0.072,160,8.29,4.79,69,8.29
gray,gray,14,0.0291,0.067,160,9.21,5.14,66,9.21
boat_img,gray,seq,0.2341,0.3106,151,1.00,1.00,100,1.00
boat_img,gray,2,0.1210,0.176,151,1.93,1.76,97,1.93
boat_img,gray,4,0.0618,0.105,151,3.79,2.96,95,3.79
boat_img,gray,6,0.0434,0.084,151,5.39,3.70,90,5.39
boat_img,gray,8,0.0373,0.079,151,6.28,3.93,78,6.28
boat_img,gray,10,0.0318,0.073,151,7.36,4.25,74,7.36
boat_img,gray,12,0.0286,0.068,151,8.19,4.57,68,8.19
boat_img,gray,14,0.0254,0.064,151,9.22,4.85,66,9.22
cameraman_img,gray,seq,0.2384,0.3141,155,1.00,1.00,100,1.00
cameraman_img,gray,2,0.1235,0.179,155,1.93,1.75,97,1.93
cameraman_img,gray,4,0.0630,0.106,155,3.78,2.96,95,3.78
cameraman_img,gray,6,0.0444,0.084,155,5.37,3.74,89,5.37
cameraman_img,gray,8,0.0379,0.080,155,6.29,3.93,79,6.29
cameraman_img,gray,10,0.0326,0.073,155,7.31,4.30,73,7.31
cameraman_img,gray,12,0.0292,0.068,155,8.16,4.62,68,8.16
cameraman_img,gray,14,0.0262,0.065,155,9.10,4.83,65,9.10
peppers_img,gray,seq,0.2825,0.3580,132,1.00,1.00,100,1.00
peppers_img,gray,2,0.1463,0.202,132,1.93,1.77,97,1.93
peppers_img,gray,4,0.0747,0.118,132,3.78,3.03,95,3.78
peppers_img,gray,6,0.0523,0.092,132,5.40,3.89,90,5.40
peppers_img,gray,8,0.0448,0.087,132,6.31,4.11,79,6.31
peppers_img,gray,10,0.0386,0.079,132,7.32,4.53,73,7.32
peppers_img,gray,12,0.0345,0.073,132,8.19,4.90,68,8.19
peppers_img,gray,14,0.0308,0.069,132,9.17,5.19,66,9.17
lena_color,color,seq,0.7750,0.9556,476,1.00,1.00,100,1.00
lena_color,color,2,0.4012,0.513,476,1.93,1.86,97,1.93
lena_color,color,4,0.2049,0.279,476,3.78,3.43,95,3.78
lena_color,color,6,0.1433,0.206,476,5.41,4.64,90,5.41
lena_color,color,8,0.1227,0.190,476,6.32,5.03,79,6.32
lena_color,color,10,0.1056,0.168,476,7.34,5.69,73,7.34
lena_color,color,12,0.0941,0.153,476,8.24,6.25,69,8.24
lena_color,color,14,0.0842,0.140,476,9.20,6.83,66,9.20
peppers_color2,color,seq,0.7820,0.9639,438,1.00,1.00,100,1.00
peppers_color2,color,2,0.4040,0.517,438,1.94,1.86,97,1.94
peppers_color2,color,4,0.2053,0.279,438,3.81,3.45,95,3.81
peppers_color2,color,6,0.1443,0.208,438,5.42,4.63,90,5.42
peppers_color2,color,8,0.1238,0.191,438,6.32,5.05,79,6.32
peppers_color2,color,10,0.1062,0.169,438,7.36,5.70,74,7.36
peppers_color2,color,12,0.0952,0.153,438,8.21,6.30,68,8.21
peppers_color2,color,14,0.0848,0.141,438,9.22,6.84,66,9.22
f16_color,color,seq,0.8089,0.9905,479,1.00,1.00,100,1.00
f16_color,color,2,0.4180,0.531,479,1.94,1.87,97,1.94
f16_color,color,4,0.2126,0.286,479,3.80,3.46,95,3.80
f16_color,color,6,0.1490,0.212,479,5.43,4.67,90,5.43
f16_color,color,8,0.1282,0.196,479,6.31,5.05,79,6.31
f16_color,color,10,0.1093,0.171,479,7.40,5.79,74,7.40
f16_color,color,12,0.0981,0.157,479,8.25,6.31,69,8.25
f16_color,color,14,0.0880,0.143,479,9.19,6.93,66,9.19
goldhill_color,color,seq,0.7647,0.9472,479,1.00,1.00,100,1.00
goldhill_color,color,2,0.3927,0.506,479,1.95,1.87,97,1.95
goldhill_color,color,4,0.2006,0.274,479,3.81,3.46,95,3.81
goldhill_color,color,6,0.1402,0.203,479,5.45,4.67,91,5.45
goldhill_color,color,8,0.1202,0.188,479,6.36,5.04,80,6.36
goldhill_color,color,10,0.1035,0.166,479,7.39,5.71,74,7.39
goldhill_color,color,12,0.0922,0.150,479,8.29,6.31,69,8.29
goldhill_color,color,14,0.0828,0.140,479,9.24,6.77,66,9.24
