variant,block,K,image,PSNR_dB,SSIM,system_CR,LBG_iters,LBG_time_median_s
2x2/K64,2,64,Lena,34.71,0.9214,6.97,204,0.4406
2x2/K64,2,64,Boat,33.55,0.9273,7.60,285,0.5679
2x2/K64,2,64,Cameraman,35.81,0.9647,8.56,203,0.4900
2x2/K64,2,64,Peppers,33.58,0.8720,7.18,108,0.2577
2x2/K64,2,64,Chest_X-ray,38.33,0.9561,7.34,116,0.2554
2x2/K64,2,64,Mammogram,41.26,0.9772,11.25,109,0.3251
2x2/K64,2,64,Lung_CT,34.09,0.9545,7.19,212,0.4465
2x2/K64,2,64,Brain_MRI,39.91,0.9836,10.67,192,0.5589
4x4/K64,4,64,Lena,30.44,0.8431,23.50,160,0.2653
4x4/K64,4,64,Boat,29.65,0.8522,26.54,151,0.2326
4x4/K64,4,64,Cameraman,30.60,0.9031,28.88,155,0.2372
4x4/K64,4,64,Peppers,30.24,0.7875,24.75,132,0.2798
4x4/K64,4,64,Chest_X-ray,34.14,0.8890,23.39,125,0.2324
4x4/K64,4,64,Mammogram,36.73,0.9392,31.56,98,0.2093
4x4/K64,4,64,Lung_CT,28.90,0.8666,24.63,197,0.2895
4x4/K64,4,64,Brain_MRI,34.50,0.9474,33.49,142,0.2446
8x8/K64,8,64,Lena,27.00,0.7517,35.97,103,0.1572
8x8/K64,8,64,Boat,26.41,0.7529,38.50,107,0.1674
8x8/K64,8,64,Cameraman,26.58,0.8092,40.22,98,0.1485
8x8/K64,8,64,Peppers,26.88,0.7027,36.83,92,0.1923
8x8/K64,8,64,Chest_X-ray,30.78,0.8033,35.82,112,0.2071
8x8/K64,8,64,Mammogram,33.37,0.8854,40.08,98,0.1848
8x8/K64,8,64,Lung_CT,24.60,0.7380,37.67,108,0.1437
8x8/K64,8,64,Brain_MRI,30.03,0.8822,41.54,98,0.1354
4x4/K32,4,32,Lena,29.35,0.8186,30.45,119,0.1166
4x4/K32,4,32,Boat,28.67,0.8246,35.20,117,0.1096
4x4/K32,4,32,Cameraman,29.17,0.8760,39.94,126,0.1327
4x4/K32,4,32,Peppers,29.23,0.7653,32.89,81,0.0967
4x4/K32,4,32,Chest_X-ray,32.75,0.8626,30.60,92,0.1138
4x4/K32,4,32,Mammogram,35.16,0.9183,45.77,56,0.0564
4x4/K32,4,32,Lung_CT,27.53,0.8278,34.68,161,0.1619
4x4/K32,4,32,Brain_MRI,33.02,0.9284,43.79,103,0.1046
4x4/K128,4,128,Lena,31.44,0.8652,17.92,210,0.6252
4x4/K128,4,128,Boat,30.62,0.8743,19.72,191,0.5190
4x4/K128,4,128,Cameraman,32.10,0.9232,21.29,203,0.5809
4x4/K128,4,128,Peppers,31.05,0.8068,18.63,168,0.5386
4x4/K128,4,128,Chest_X-ray,35.43,0.9089,17.61,177,0.6054
4x4/K128,4,128,Mammogram,38.59,0.9530,22.24,132,0.4529
4x4/K128,4,128,Lung_CT,30.13,0.8926,18.55,224,0.4837
4x4/K128,4,128,Brain_MRI,35.73,0.9588,25.13,168,0.4413
