image,mode,CR,MSE_off,MSE_on,PSNR_off,PSNR_on,dPSNR,SSIM_off,SSIM_on,dSSIM
Lena,gray,23.50,70.13,58.77,29.67,30.44,0.77,0.8190,0.8431,0.0241
Boat,gray,26.54,79.88,70.46,29.11,29.65,0.54,0.8394,0.8522,0.0128
Cameraman,gray,28.88,68.84,56.66,29.75,30.60,0.85,0.8855,0.9031,0.0176
Peppers,gray,24.75,74.47,61.51,29.41,30.24,0.83,0.7624,0.7875,0.0251
Chest_X-ray,gray,23.39,32.08,25.05,33.07,34.14,1.07,0.8559,0.8890,0.0331
Mammogram,gray,31.56,18.33,13.81,35.50,36.73,1.23,0.9129,0.9392,0.0263
Lung_CT,gray,24.63,103.37,83.81,27.99,28.90,0.91,0.8462,0.8666,0.0204
Brain_MRI,gray,33.49,29.99,23.08,33.36,34.50,1.14,0.9347,0.9474,0.0127
Lena_Color,color,24.00,83.60,75.25,28.91,29.37,0.46,0.7594,0.7733,0.0139
Retina,color,34.07,7.30,5.97,39.50,40.37,0.87,0.9466,0.9541,0.0075
PET_Axial,color,25.05,125.48,94.94,27.14,28.36,1.22,0.8529,0.8793,0.0264
PET_Sagittal,color,22.24,80.09,53.82,29.10,30.82,1.72,0.8604,0.8995,0.0391
