image,mode,CR_system,BPP,MSE,PSNR_dB,SSIM,LBG_iters
Lena,gray,23.50,0.3404,58.77,30.44,0.8431,160
Boat,gray,26.54,0.3014,70.46,29.65,0.8522,151
Cameraman,gray,28.88,0.2770,56.66,30.60,0.9031,155
Peppers,gray,24.75,0.3232,61.51,30.24,0.7875,132
Chest_X-ray,gray,23.39,0.3420,25.05,34.14,0.8890,125
Mammogram,gray,31.56,0.2535,13.81,36.73,0.9392,98
Lung_CT,gray,24.63,0.3248,83.81,28.90,0.8666,197
Brain_MRI,gray,33.49,0.2389,23.08,34.50,0.9474,142
Lena_Color,color,24.00,0.3333,75.25,29.37,0.7733,476
Retina,color,34.07,0.2348,5.97,40.37,0.9541,493
PET_Axial,color,25.05,0.3194,94.94,28.36,0.8793,495
PET_Sagittal,color,22.24,0.3597,53.82,30.82,0.8995,502
